{
    "num_sources": 1,
    "avg_row_validation": 7.740062236785889,
    "avg_cell_validation": 1.4818798700968425,
    "avg_all": 7.744060754776001,
    "company.csv": {
        "row_validation": 7.740062236785889,
        "cell_validation": 1.426478624343872,
        "all": 7.744060754776001
    }
}