{
    "num_sources": 1,
    "avg_row_validation": 14.980598211288452,
    "avg_cell_validation": 2.3213229179382324,
    "avg_all": 14.987873792648315,
    "company.csv": {
        "row_validation": 14.980598211288452,
        "cell_validation": 2.3996059894561768,
        "all": 14.987873792648315
    }
}